RAM,Brand,Processor,Storage,Price
4,HP,Ryzen5,256,46000
8,Asus,i5,1024,93000
4,Acer,M2,256,74000
4,Dell,Ryzen3,1024,74000
4,Acer,Ryzen3,1024,67500
32,Dell,M3,1024,193500
4,Dell,M2,512,98500
8,Dell,Ryzen7,256,74000
32,HP,Ryzen7,512,139000
16,HP,M3,1024,160000
32,HP,Ryzen5,1024,144000
16,Acer,Ryzen3,1024,92500
4,Asus,Ryzen3,512,46500
8,HP,M2,512,109500
16,Dell,Ryzen7,512,107500
16,Asus,i5,1024,110000
8,Acer,Ryzen3,256,43000
32,Lenovo,Ryzen3,1024,126500
4,Dell,i3,512,49500
16,HP,Ryzen3,1024,104000
16,Dell,M3,512,148000
32,Dell,Ryzen5,256,108000
16,Asus,M2,1024,146500
16,Dell,i7,1024,128000
4,HP,i5,256,46000
8,Asus,M2,1024,125500
32,Apple,M3,1024,200000
4,Asus,i5,1024,82000
16,Asus,Ryzen7,256,90500
32,Dell,M3,256,164000
16,Acer,i7,1024,124500
4,Asus,Ryzen5,1024,82000
8,Dell,Ryzen7,256,77500
4,Acer,Ryzen7,512,69000
4,Lenovo,Ryzen5,256,41500
8,Acer,i5,256,54000
32,HP,i7,256,122500
32,Acer,i7,512,131500
32,Dell,Ryzen3,1024,131500
32,Asus,Ryzen7,512,140500
32,HP,Ryzen3,256,92500
16,HP,Ryzen3,1024,99000
4,HP,i3,256,29500
4,Lenovo,i5,1024,75000
16,Asus,M3,256,127500
8,Asus,M3,256,111500
32,Apple,Ryzen3,256,102000
32,Lenovo,M2,512,155000
4,Asus,i5,256,43500
16,HP,Ryzen3,256,63500
32,Dell,M2,256,143500
32,Dell,i5,512,124500
4,HP,i3,256,36500
8,Dell,M2,512,112000
8,Apple,i3,256,53000
4,Apple,Ryzen5,512,70500
32,Asus,M3,256,154500
16,Dell,i3,1024,102000
4,Asus,Ryzen7,256,58500
32,Acer,i7,256,120000
4,Dell,i5,1024,78500
8,Apple,i5,1024,99000
4,Acer,i5,512,56500
16,Lenovo,Ryzen3,1024,100000
16,Dell,Ryzen5,512,92000
16,Apple,Ryzen7,256,98000
32,Acer,i5,256,100500
8,Acer,Ryzen5,256,58500
16,HP,Ryzen3,512,79500
8,Apple,Ryzen5,1024,106500
4,Asus,Ryzen5,1024,79000
8,Lenovo,i5,256,56000
8,Lenovo,Ryzen5,1024,89500
16,Dell,Ryzen5,1024,115000
16,HP,i5,1024,109500
16,HP,i3,512,80500
8,Asus,Ryzen5,256,61000
32,Acer,M2,1024,169000
4,HP,i7,1024,92500
16,Acer,i7,512,98000
4,Lenovo,Ryzen7,256,63500
16,Dell,Ryzen3,1024,100000
16,Acer,M2,1024,145000
8,Dell,i7,256,78000
32,HP,i7,1024,159500
16,Apple,Ryzen3,512,87500
4,Apple,i3,512,55000
8,Apple,Ryzen7,512,101500
8,Dell,i3,1024,79500
32,Lenovo,Ryzen5,256,109000
16,Lenovo,M2,1024,148000
16,HP,i5,512,87500
16,HP,i5,1024,109500
16,Asus,Ryzen7,512,108000
4,Apple,Ryzen3,512,56500
32,HP,Ryzen3,512,110500
4,Asus,Ryzen7,1024,95500
4,Asus,Ryzen5,1024,80500
32,Lenovo,M2,1024,173500
8,Dell,M2,1024,135500
32,Asus,i7,1024,155500
16,Apple,i3,512,85500
8,Apple,Ryzen7,512,98500
32,Asus,Ryzen3,1024,130000
8,Asus,i5,512,71000
16,HP,Ryzen3,1024,99500
8,Dell,i7,256,71500
8,Apple,i5,512,80500
8,Asus,M2,512,108500
8,Dell,i3,256,49500
32,Dell,i7,1024,158000
32,HP,Ryzen3,256,95500
8,Apple,Ryzen7,512,100000
32,Acer,M3,256,155000
32,Apple,Ryzen5,256,120000
16,Acer,M3,1024,156000
16,Apple,i5,1024,117500
8,Lenovo,Ryzen7,512,90500
4,Dell,i7,256,62000
8,Asus,Ryzen3,256,46500
32,Lenovo,M3,512,166500
8,Apple,M2,1024,143000
4,Acer,M2,512,89000
16,Lenovo,M2,512,125500
8,Apple,Ryzen3,512,71500
32,HP,M2,512,159500
32,Asus,i7,512,138500
8,Acer,i3,512,56000
4,HP,M2,256,86000
32,Dell,i3,512,109000
16,Dell,M3,512,144000
32,Lenovo,M2,512,158000
4,Apple,i3,1024,77500
4,Lenovo,Ryzen3,1024,64500
4,HP,Ryzen3,256,39000
4,Acer,i7,256,53000
32,Asus,i5,1024,143000
8,Apple,Ryzen5,512,81500
4,Dell,Ryzen5,256,50500
4,Lenovo,M2,512,98500
8,HP,Ryzen3,256,49500
16,Asus,i5,1024,111500
4,Lenovo,M2,1024,114000
4,Acer,Ryzen7,256,61000
32,Apple,i5,512,133000
16,Asus,M3,1024,159500
32,Dell,Ryzen5,1024,147500
32,Apple,M2,1024,188000
16,Lenovo,Ryzen3,256,61500
32,Dell,M3,1024,196000
32,Lenovo,i3,512,108000
16,Dell,M3,256,129000
16,Lenovo,Ryzen5,1024,111500
16,Acer,i3,1024,97000
8,HP,Ryzen3,1024,82500
32,Acer,Ryzen3,1024,126000
32,Apple,i3,256,100500
8,Apple,Ryzen3,512,73500
16,Apple,Ryzen7,512,119000
16,Lenovo,M3,512,138500
16,Dell,i5,1024,109500
16,HP,i7,256,89000
32,Lenovo,Ryzen5,256,108000
8,Lenovo,Ryzen3,512,57500
16,HP,i7,512,102500
4,Acer,Ryzen5,1024,81500
8,Asus,M3,256,112000
4,Acer,Ryzen5,512,58000
32,Lenovo,i7,256,116000
32,HP,i5,512,120000
4,Acer,i3,256,25000
16,HP,Ryzen3,256,66500
32,Acer,Ryzen3,1024,125000
32,Apple,Ryzen5,1024,151500
16,Acer,i3,1024,97000
4,Dell,Ryzen3,512,54500
4,Dell,Ryzen3,256,38500
4,Dell,i3,512,49500
32,Lenovo,i3,256,88500
16,Asus,M3,256,128500
8,Lenovo,Ryzen3,512,57000
8,Asus,i7,512,90000
8,HP,i3,256,47500
16,Acer,Ryzen5,512,85000
32,Asus,Ryzen5,1024,141500
16,Acer,M3,512,134500
4,Apple,Ryzen7,1024,105000
4,HP,Ryzen3,1024,74000
4,Asus,Ryzen5,1024,78500
8,Apple,M3,512,131500
32,Asus,M3,256,157000
16,Apple,Ryzen7,512,118500
4,Dell,Ryzen7,512,81500
32,Lenovo,M2,1024,171500
32,HP,Ryzen7,512,136500
4,Apple,i3,1024,80000
32,Apple,i3,256,102000
16,Acer,M3,1024,157500
4,Dell,Ryzen5,1024,82000
16,Apple,M3,256,133000
8,Asus,i7,512,87500
4,Acer,M2,256,76000
4,Apple,i5,1024,92000
8,Apple,Ryzen5,1024,106000
16,Apple,M3,512,150000
32,Acer,i7,512,128500
8,HP,Ryzen5,512,74000
16,HP,Ryzen5,1024,111500
32,Dell,M3,1024,195000
16,Lenovo,M2,512,128500
16,Dell,Ryzen3,1024,102000
8,Apple,i3,512,71000
32,Asus,M2,512,158500
8,Apple,i3,256,54000
16,HP,M3,256,128500
32,HP,i7,512,139000
8,HP,M3,512,124000
32,Asus,i5,512,122000
32,Lenovo,M3,1024,186500
4,Dell,Ryzen5,256,52000
4,Apple,i5,1024,91000
4,Apple,i7,1024,103500
4,HP,Ryzen7,256,61500
16,Lenovo,M2,256,108000
32,Acer,i7,256,113500
4,Acer,M2,1024,114500
8,Apple,i7,256,82000
16,Apple,Ryzen5,1024,118000
32,Lenovo,i7,256,117500
16,Acer,Ryzen5,1024,112000
32,Asus,Ryzen5,512,125000
16,Dell,M2,512,127000
8,Apple,Ryzen7,1024,117500
16,HP,M2,512,124000
4,Acer,M3,512,110500
8,Acer,Ryzen7,256,71000
8,Acer,Ryzen5,1024,92000
8,Asus,i5,1024,92500
4,Lenovo,M3,256,95500
16,Asus,i7,256,93500
16,Lenovo,M2,256,107500
8,Acer,Ryzen7,1024,105000
16,Dell,Ryzen5,512,99000
16,Asus,Ryzen7,256,92000
4,Dell,Ryzen3,1024,75000
32,Acer,Ryzen7,256,120500
32,HP,Ryzen5,1024,140000
32,Lenovo,Ryzen5,1024,139000
16,HP,Ryzen3,512,77000
16,Acer,Ryzen3,1024,92500
32,Asus,Ryzen5,1024,141500
4,Dell,i3,256,33500
32,HP,i5,256,108500
8,Apple,M3,512,135500
32,Acer,i7,512,132500
4,Apple,M2,512,103500
16,Dell,M3,512,149000
8,Lenovo,i5,1024,88000
16,HP,M2,512,125500
4,Apple,i5,1024,86500
4,HP,Ryzen7,256,60000
8,HP,Ryzen3,1024,81000
8,Lenovo,i7,1024,101000
16,Dell,i7,1024,126000
8,HP,i3,256,41000
16,Dell,Ryzen7,256,92500
16,HP,i7,1024,125500
4,Asus,i5,512,58500
16,Acer,i5,512,85000
8,Acer,i3,1024,77500
16,Apple,i3,256,72000
32,Apple,i5,512,131000
32,HP,i5,512,121000
8,HP,i7,512,89000
16,Apple,Ryzen5,512,102000
32,HP,i5,1024,141500
8,Apple,M3,256,118500
16,Apple,M2,512,139000
4,Lenovo,M2,512,96500
16,Lenovo,i7,1024,126500
32,HP,i5,256,102000
32,HP,Ryzen7,256,123500
4,Acer,Ryzen7,1024,90000
32,Lenovo,M2,1024,171500
16,Acer,Ryzen5,512,85000
8,Dell,M3,256,115000
4,Lenovo,Ryzen7,256,62000
16,Acer,Ryzen3,512,79000
4,Acer,Ryzen5,256,40500
16,Asus,Ryzen5,512,91000
4,Dell,i7,1024,99500
32,HP,i7,1024,157000
4,HP,Ryzen3,512,50500
32,Lenovo,i7,512,131500
16,Acer,i5,256,67500
8,Acer,i3,1024,71500
16,Apple,M2,512,138000
32,Apple,Ryzen5,256,119000
4,Lenovo,M2,256,78500
32,Acer,Ryzen5,256,101000
32,Acer,i3,256,85500
16,Dell,i7,512,106500
16,HP,i3,512,80000
32,Dell,i7,512,138500
8,Acer,Ryzen7,256,69500
4,Apple,i3,512,60500
4,Lenovo,M2,1024,114500
32,Lenovo,i5,512,113000
16,Dell,M3,1024,168500
16,HP,M2,256,111000
32,Acer,M2,1024,169500
32,Lenovo,Ryzen7,256,118500
8,HP,i5,1024,92000
8,Lenovo,Ryzen7,1024,111000
8,Dell,i5,256,57000
8,Dell,i7,1024,106500
8,Asus,M3,512,126000
32,Asus,Ryzen7,1024,155500
8,Apple,i5,512,80500
16,Lenovo,i3,512,75000
4,Lenovo,M3,512,106500
4,Lenovo,Ryzen5,256,46500
4,Acer,M2,512,94000
4,Apple,Ryzen3,512,61000
32,Acer,i7,256,115500
4,Lenovo,i5,1024,78500
8,HP,Ryzen3,1024,82500
32,Acer,i7,512,130000
16,Apple,M2,512,138500
4,Asus,Ryzen7,256,60500
4,Acer,M2,512,91000
8,Lenovo,i5,1024,90500
8,Lenovo,Ryzen5,1024,93500
32,Dell,i5,512,122500
32,Asus,Ryzen7,256,123500
4,Asus,M2,1024,116000
4,Lenovo,Ryzen5,256,49000
8,Lenovo,M3,256,105000
8,Dell,i5,512,77000
4,Acer,i3,1024,62000
8,Acer,M2,256,87500
8,Asus,i7,1024,106500
4,Apple,Ryzen7,1024,109000
8,Apple,Ryzen5,1024,106500
32,Dell,Ryzen3,512,117000
32,Dell,Ryzen7,1024,164000
32,Apple,Ryzen5,512,132000
32,Dell,Ryzen3,1024,130000
16,HP,M3,512,143500
4,Asus,i5,512,55500
8,Lenovo,M3,1024,139000
32,HP,Ryzen3,512,114000
16,HP,M2,256,112000
16,Dell,M2,256,114000
8,HP,Ryzen7,256,78000
16,Dell,i7,256,91500
32,Asus,i7,1024,155000
32,Acer,i3,256,84000
16,Dell,i7,1024,131500
32,HP,Ryzen5,256,106500
4,HP,Ryzen3,512,52000
32,HP,i5,512,121000
4,Asus,Ryzen3,1024,67000
16,Apple,i3,1024,106000
8,Acer,M2,256,91500
4,Acer,Ryzen7,256,62000
4,Apple,M3,256,108000
32,Lenovo,Ryzen5,1024,136000
16,HP,Ryzen7,256,95000
4,Acer,Ryzen7,256,54500
16,Acer,Ryzen7,1024,120500
32,Asus,M3,1024,189500
8,HP,M3,256,108500
8,HP,Ryzen3,256,46500
16,Acer,M2,1024,143000
16,HP,Ryzen3,512,80000
4,Asus,Ryzen7,512,74000
16,Apple,M2,1024,156500
32,Lenovo,i7,512,134500
32,Lenovo,Ryzen5,256,107000
32,HP,M2,1024,180500
8,Acer,Ryzen5,512,67000
4,Lenovo,Ryzen5,512,59500
32,Dell,M3,512,174500
4,Asus,Ryzen7,1024,96500
16,Asus,i3,256,63500
32,Lenovo,i7,256,115000
32,HP,i7,256,119000
16,Lenovo,M2,1024,141500
8,Asus,M3,512,123000
32,HP,i7,1024,155000
32,Lenovo,Ryzen5,256,109000
4,HP,i7,512,76000
32,Acer,i5,512,117500
16,Asus,M3,256,128000
16,Asus,M3,256,124000
8,HP,M3,256,113500
32,HP,Ryzen7,1024,157000
4,Acer,Ryzen5,512,61000
8,Asus,i7,512,87000
8,HP,Ryzen3,256,46000
32,HP,Ryzen7,1024,158500
16,Apple,i7,1024,138000
4,HP,Ryzen5,512,65000
32,Acer,M2,512,155500
4,Dell,Ryzen7,1024,96500
32,Apple,Ryzen7,256,135000
8,Dell,M2,1024,135500
4,HP,i7,512,73500
8,Lenovo,Ryzen3,512,64000
16,HP,Ryzen5,256,79000
16,Dell,Ryzen5,1024,115500
4,Acer,i7,1024,94500
8,Dell,Ryzen7,1024,108500
4,HP,i3,1024,70500
16,Asus,Ryzen3,1024,99500
4,Apple,Ryzen5,1024,96000
16,Apple,Ryzen3,1024,109500
16,Apple,i5,1024,115500
8,Apple,M2,512,119000
8,Lenovo,i7,512,88000
16,Asus,Ryzen7,512,104000
16,Acer,i5,512,83000
32,HP,Ryzen5,512,121000
8,HP,i3,512,63500
32,Acer,M2,256,142000
8,Lenovo,Ryzen7,256,74500
8,Apple,M3,512,137000
16,Apple,i3,256,75500
32,Acer,M3,256,151000
16,HP,i3,512,78000
32,Lenovo,i3,256,89500
8,Lenovo,Ryzen7,512,86000
4,Apple,i3,1024,77500
8,Lenovo,Ryzen5,256,56000
32,Acer,Ryzen5,1024,139500
4,Dell,i5,512,61000
16,Acer,Ryzen7,256,85500
32,Acer,i3,256,84500
8,Asus,Ryzen7,512,89500
32,Dell,i7,512,141500
16,Dell,M2,1024,152000
16,Acer,Ryzen7,1024,126000
32,Asus,Ryzen5,512,124500
4,Lenovo,Ryzen7,1024,92000
32,Acer,Ryzen5,1024,141000
4,Acer,M3,512,112000
8,Asus,i3,1024,79000
8,Acer,M2,256,92500
8,HP,i5,256,53000
32,Lenovo,M2,256,139500
8,Apple,M3,1024,156000
4,Asus,i7,1024,92500
16,Asus,M3,1024,161000
16,Dell,M3,1024,164000
16,Asus,Ryzen5,1024,112000
8,Dell,Ryzen5,1024,95500
8,Lenovo,Ryzen5,1024,89500
32,Lenovo,M3,512,170500
16,Lenovo,i5,1024,108500
32,Apple,Ryzen7,256,130500
4,Lenovo,i5,512,60500
32,Asus,Ryzen5,1024,142000
8,Dell,Ryzen5,1024,98500
16,Dell,i5,1024,114000
8,Dell,i3,1024,85500
8,Asus,Ryzen3,256,44000
32,Lenovo,M3,256,156500
8,HP,i7,512,89500
32,Apple,Ryzen3,512,118500
16,Asus,i3,256,63500
8,Acer,i3,256,39500
8,HP,M2,512,107500
16,HP,i3,512,78500
4,Lenovo,Ryzen5,512,61500
32,Dell,M3,512,172500
4,Lenovo,i7,1024,93000
16,Asus,i7,256,92000
16,Lenovo,Ryzen3,256,64000
32,Apple,Ryzen7,256,131500
4,Dell,i7,512,76500
8,HP,Ryzen5,512,73000
32,Lenovo,Ryzen7,512,136000
4,Lenovo,Ryzen7,1024,93000
4,Asus,i5,512,57500
8,Apple,Ryzen5,1024,101000
16,Lenovo,Ryzen3,256,67000
8,Apple,i7,512,99000
16,Apple,M3,1024,174500
8,Dell,i5,1024,93500
16,HP,i5,256,78000
8,Acer,i7,256,66500
32,HP,Ryzen3,1024,132000
32,HP,M3,256,157500
8,Acer,M2,512,105500
4,Acer,M3,1024,130500
16,Asus,i3,512,75000
4,Asus,Ryzen3,1024,66500
4,Apple,Ryzen7,1024,103500
4,HP,M3,256,96500
